ขั้นตอน,จำนวนแถวที่กระทบ,การตัดสินใจ
ลบแถวซ้ำทุกคอลัมน์,265,ลบ เก็บแถวแรกไว้
แปลง datetime (ISO ปี พ.ศ.),628,แปลงเป็น YYYY-MM-DDTHH:MM:SS+07:00 ปี ค.ศ.
แปลง datetime (DD/MM/YYYY ปี ค.ศ.),521,แปลงเป็น YYYY-MM-DDTHH:MM:SS+07:00 ปี ค.ศ.
แปลง datetime (DD/MM/YYYY ปี พ.ศ.),9,แปลงเป็น YYYY-MM-DDTHH:MM:SS+07:00 ปี ค.ศ.
ตัดช่องว่างหน้า/หลังชื่อสาขา,0,strip
map ชื่อสาขาที่สะกดต่างเป็นชื่อมาตรฐาน,732,map (ม. = มหาวิทยาลัย ตามทีม POS)
"ตัดคำว่า ""บาท"" ใน unit_price",60,ตัดคำแล้วแปลงเป็นตัวเลข
ราคาติดลบ,25,แปลงเป็นบวก (ไม่มีการคืนเงินในระบบ POS จึงเป็นการพิมพ์ผิด)
ลบแถว qty = 0,20,ลบ (บิลที่ยกเลิก)
ลบแถว product_id ว่าง,15,ลบ (ไม่เดาสินค้าจากราคา)
ลบแถวซ้ำที่เกิดหลังทำความสะอาด,0,ลบ เก็บแถวแรกไว้
